Student ID,First Name,Last Name,Email,Lab 1,Lab 2,Lab 3,Lab 4,Lab 5,Lab 6,Lab 7,Lab 8,Lab 9,Lab 10
20743976,AALIYAH,Doyle,aaliyah.doyle@mumail.ie,0,4,4,2.56,3.84,1.96,3,3.52,3.2,0
94334509,AARON,Moran,aaron.moran@mumail.ie,4,4,4,0,4,4,2.12,2.8,0,0
36814683,ABDULA,Kennedy,abdula.kennedy@mumail.ie,0.6,3.4,2.28,2.52,2.76,3.6,2,2.48,0.88,4
32670174,ADAM,Sheehan,adam.sheehan@mumail.ie,0,0,1.72,0,0,0,0,0,0,0
54183175,ADAM,Boyle,adam.boyle@mumail.ie,0,1.12,0,0,3.28,0.92,3.28,3.4,2.52,0
40300574,ALEKSANDRS,Moran,aleksandrs.moran@mumail.ie,4,3.12,3.88,3.6,3.2,3.12,2,1.64,3.4,4
73381689,ALEX,Higgins,alex.higgins@mumail.ie,0.92,3.28,3.2,2.4,3,3.04,2.44,4,3.4,1.2
70246117,ALEX,Donovan,alex.donovan@mumail.ie,4,4,4,4,4,4,4,4,4,4
61412453,ALEX,Ryan,alex.ryan@mumail.ie,4,4,4,4,4,4,4,4,4,4
66723966,AMELIA,Moore,amelia.moore@mumail.ie,3.8,0,1.76,1.12,1.72,2.24,1.68,2.2,1.72,3.2
98615098,ANVI,Healy,anvi.healy@mumail.ie,4,4,4,4,4,4,3.6,4,1,1.72
12584561,BEN,Kavanagh,ben.kavanagh@mumail.ie,4,3.44,4,3.16,2.36,3.08,0.8,2.16,2,3.44
13148647,BENCE,O'Brien,bence.obrien@mumail.ie,4,4,4,4,4,4,4,4,4,4
52689053,CARLOS,Lynch,carlos.lynch@mumail.ie,4,4,4,4,4,4,4,2.4,0,1.72
73496760,CHIGEMEZU,Flynn,chigemezu.flynn@mumail.ie,4,3.88,2.24,3.2,2.52,3.08,3.16,3.8,4,2.68
98726176,CIAN,Brennan,cian.brennan@mumail.ie,4,3.92,4,4,3.6,3.52,2.48,0.72,0,4
41115870,CIARA,Flynn,ciara.flynn@mumail.ie,4,2.8,3.56,2.68,0.72,3.76,1.28,0.8,0,0
89490222,CIARA,Reid,ciara.reid@mumail.ie,2,4,4,3.72,2.44,2.92,1,2.36,2,2.92
35239168,CONOR,O'Neill,conor.oneill@mumail.ie,4,3.96,4,1.4,3.12,2.68,2.4,4,2,4
50419199,DANIEL,Brady,daniel.brady@mumail.ie,4,1.52,0,2.04,0.84,0,0,1.2,0,0
60813480,DAVID,Maguire,david.maguire@mumail.ie,0,1.92,0,0.32,0.48,0,0,0,1.92,0
72623279,DYLAN,Power,dylan.power@mumail.ie,0,1.08,2.2,1.4,0,0,2.04,0.68,1.24,0
46159542,EMILIA,Fitzgerald,emilia.fitzgerald@mumail.ie,4,3.48,4,3.04,2.84,3.88,0.8,0.8,0,0
31775286,EMMANUELLA,Kelly,emmanuella.kelly@mumail.ie,4,4,4,2.92,3.24,0,1.76,1.92,0,0
75163235,EOIN,Healy,eoin.healy@mumail.ie,1.92,0.24,2.24,0.24,0.52,1.32,0.4,1.8,0,0
53637669,EVE,Maguire,eve.maguire@mumail.ie,4,4,4,4,3.52,3.76,3.56,3.12,0,4
59715668,GLORIA,O'Sullivan,gloria.osullivan@mumail.ie,2.52,1.6,4,2.76,0.72,0,0,0,0,0
20679724,HANNAH,McGrath,hannah.mcgrath@mumail.ie,4,1.6,0,0,0,0,0,0,0,0
88261711,ISABELLA,Murphy,isabella.murphy@mumail.ie,3.52,2,2.12,2.64,0.48,2.84,0.44,0.96,0.4,0.16
75637165,IVAN,Maher,ivan.maher@mumail.ie,4,3.6,4,2.64,3.16,2.04,1.84,3.36,2,3.88
64549122,JACOB,Flynn,jacob.flynn@mumail.ie,4,4,4,3.6,4,4,3.2,2.72,3.2,4
42153309,JAMES,Moran,james.moran@mumail.ie,4,4,4,2.8,4,2.24,0.72,2,0,0
10288456,JAMES,Kavanagh,james.kavanagh@mumail.ie,0,0,0,0,0,1.92,1.56,3.52,1.2,2.44
18320642,JAMES,Callaghan,james.callaghan@mumail.ie,4,4,2.24,1.52,1.68,2.68,1.04,1.2,2.12,2.04
25992894,JAYME,Power,jayme.power@mumail.ie,2,3.92,3.12,2.6,0.96,2.24,1.92,1.12,3.6,0.64
51315077,JONATHAN,Burke,jonathan.burke@mumail.ie,4,2.52,3.64,2.8,3.28,3.08,3.36,4,1,4
45873056,JOSEPH,Kelly,joseph.kelly@mumail.ie,4,4,4,4,2.92,4,0.4,4,4,0
61329673,KATIE,Healy,katie.healy@mumail.ie,4,4,4,4,4,4,4,4,4,4
99218881,KRZYSZTOF,O'Connor,krzysztof.oconnor@mumail.ie,4,4,4,4,3.64,4,2.4,4,4,1.72
81734132,LAUREN,Brennan,lauren.brennan@mumail.ie,3.2,2,2.64,0,0,0,0,0,0,0
17513375,LILY,Hayes,lily.hayes@mumail.ie,4,4,4,4,4,4,4,4,4,4
95975416,LIWEN,Casey,liwen.casey@mumail.ie,4,3.24,4,2,1.28,0.88,0.4,0,0,0
85696727,LUKE,Murray,luke.murray@mumail.ie,2,4,2.16,4,4,3.32,4,4,4,4
64609448,LUKE,Walsh,luke.walsh@mumail.ie,4,2.2,3.28,0.8,1.28,2.4,0.8,2.4,0,2.4
81957314,MAKSYMILIAN,Kavanagh,maksymilian.kavanagh@mumail.ie,3.52,1.76,3.36,3.92,3.72,2.24,1.92,2,3.16,1.24
78534290,MARK,Brennan,mark.brennan@mumail.ie,4,4,4,3.44,3.64,3.72,3.24,4,3.2,4
56634669,MUHAMMAD,Murray,muhammad.murray@mumail.ie,4,4,4,4,4,4,4,4,4,4
51204596,OBED,Ryan,obed.ryan@mumail.ie,4,2.2,3.68,2,2.12,3.52,3.04,4,3.32,4
49784910,OISIN,Maguire,oisin.maguire@mumail.ie,0,2,0,1.6,1.12,2.48,1.96,2.64,0,4
27325452,OPEYEMI,McGrath,opeyemi.mcgrath@mumail.ie,4,3.2,4,2.2,2.84,2.16,1.4,2.96,0,0
58887597,PAUL,Moran,paul.moran@mumail.ie,4,4,4,3.96,3.76,2.24,3.04,3.52,0,4
53905435,SAI,Moran,sai.moran@mumail.ie,4,1.6,4,2.92,1.96,4,2.76,3,0,0
41707679,SORIN,Healy,sorin.healy@mumail.ie,4,4,4,4,3.8,3.96,3.76,3.72,4,4
21585127,THEODORE,Moore,theodore.moore@mumail.ie,4,4,4,3.56,4,4,4,4,4,4
57005216,THOMAS,Flynn,thomas.flynn@mumail.ie,0,0,0.76,0,0,0,0,0,0,0
99435901,TING,O'Neill,ting.oneill@mumail.ie,4,4,4,4,4,4,4,4,4,4
95977109,VICTORIA,Kennedy,victoria.kennedy@mumail.ie,2.44,3.2,2.44,1.64,2,3.08,0.88,2.56,0,0.68
96346768,ABDUL,Clarke,abdul.clarke@mumail.ie,3,3.04,3.8,2.8,3.72,3.56,3.6,3.72,3.72,3.2
49806843,ALEX,O'Neill,alex.oneill@mumail.ie,3,3.2,4,3.12,3.12,2.68,1.16,0.72,1,0
42738772,ANDREI,Power,andrei.power@mumail.ie,4,3.2,0.24,0,0.92,0,0.2,0.08,0,0
94193537,ANDREW,O'Reilly,andrew.oreilly@mumail.ie,4,4,4,4,4,4,4,4,4,4
94039775,ANDREW,Sheehan,andrew.sheehan@mumail.ie,4,1.6,3.56,3.04,1.88,1.32,1.12,1.6,0,0
16459971,ANGEL,McMahon,angel.mcmahon@mumail.ie,2,1.44,2.16,3.48,0,1.24,0.8,0.4,2.6,2
69780409,CALLUM,Healy,callum.healy@mumail.ie,4,1.2,4,1.2,0,0,0,0,0,0
61553683,CHIDALU,Donovan,chidalu.donovan@mumail.ie,4,3.48,3.92,3.8,0.96,3.12,0.4,2.2,3.6,3.52
49312326,CHRISTIAAN,Donovan,christiaan.donovan@mumail.ie,4,4,4,3.76,2.92,1.24,0,2.32,2.24,4
26013074,CHRISTIAN,Finnegan,christian.finnegan@mumail.ie,4,4,4,4,3.88,4,4,4,4,4
11720062,CIAN,Finnegan,cian.finnegan@mumail.ie,4,4,4,4,4,4,4,4,0,4
50301485,CIARA,Clarke,ciara.clarke@mumail.ie,4,4,4,3.2,4,4,2.28,4,2.72,3.56
57814323,CIARAN,Barry,ciaran.barry@mumail.ie,4,4,4,3.6,1.72,3.12,2.04,2.76,0,0
44424412,CONOR,Brady,conor.brady@mumail.ie,4,4,4,4,4,4,3,3.6,0,4
28993185,DARIO,Higgins,dario.higgins@mumail.ie,2,0,0,0,0,0,0,0,0,0
59125777,DARRAGH,Kelly,darragh.kelly@mumail.ie,4,4,4,4,3.68,3.76,3.4,3.16,0,3.96
51666805,DAVID,Smith,david.smith@mumail.ie,4,4,4,4,4,4,4,3.2,4,4
81200570,DEXTER,Maguire,dexter.maguire@mumail.ie,4,3.2,4,4,4,4,3.36,4,4,0
13902965,DIEGO,O'Neill,diego.oneill@mumail.ie,4,4,3.56,2.84,2.44,2.24,2.48,3.52,0,0
35092169,DOYINSOLA,Byrne,doyinsola.byrne@mumail.ie,3.52,4,2.68,2.8,2.2,3.56,3.4,4,3.4,4
16013789,EMANUEL,Keane,emanuel.keane@mumail.ie,4,4,4,4,0,0,0,0,0,0
91435409,ERIK,Murphy,erik.murphy@mumail.ie,4,4,4,4,3,3.68,3.76,3.52,4,4
18772021,ETHAN,Doyle,ethan.doyle@mumail.ie,4,4,4,4,4,4,3.76,3.6,1,2.84
11280583,ETHAN,Healy,ethan.healy@mumail.ie,0,2,3,1.6,1.44,2.48,2,4,1,1.16
89516281,FINBARR,Hayes,finbarr.hayes@mumail.ie,4,4,3.56,4,4,4,4,4,4,4
81811643,GARETH,Kelly,gareth.kelly@mumail.ie,4,4,4,4,3.88,4,3.12,3.8,4,3.4
86703236,JACK,Moore,jack.moore@mumail.ie,4,4,3.88,4,4,2.4,1.04,0,1,0
18884292,JAMES,Carroll,james.carroll@mumail.ie,0,0,4,0,3.28,0,4,4,3,1.64
33737937,JORDAN,McCarthy,jordan.mccarthy@mumail.ie,3.52,1.6,2.24,0.8,0.72,0.88,0.8,0,0,0
31664592,KAMIL,O'Connor,kamil.oconnor@mumail.ie,4,4,2.24,3.04,3.28,1.76,1.16,2,0,2.84
98168038,KATELAN,Gallagher,katelan.gallagher@mumail.ie,4,3.2,3.32,3.52,1.8,2.24,1.56,4,3,0
42120296,KHALIL,Nolan,khalil.nolan@mumail.ie,0,2.4,4,0,0,2.16,0.8,1.44,0,0
59897937,LANZETTA,Sheehan,lanzetta.sheehan@mumail.ie,2,2.8,1.76,3.88,3.28,3.76,2.52,2.48,3,2.84
87098918,LAUREN,McGrath,lauren.mcgrath@mumail.ie,3.52,1.6,2.16,2.4,0.72,1.92,1.24,2.48,0,1.36
97998433,LAUREN,Kennedy,lauren.kennedy@mumail.ie,4,4,3,1.6,1.8,2.8,1.6,3.08,0,4
30166785,LOUIS,Gallagher,louis.gallagher@mumail.ie,4,4,4,4,4,4,4,4,4,4
65958403,MEL,Hayes,mel.hayes@mumail.ie,4,4,4,4,4,4,3.6,0.6,3,3.44
62605871,OISIN,Flynn,oisin.flynn@mumail.ie,4,4,4,4,3.48,4,1.48,1.12,0,0.88
55973104,PAUL,Reid,paul.reid@mumail.ie,2,4,4,3.8,3.64,4,2.84,2,0,4
62220404,RAKAN,Nolan,rakan.nolan@mumail.ie,4,4,4,4,4,2.24,3.2,4,4,1.72
94651334,SABIN,Murphy,sabin.murphy@mumail.ie,0,4,4,4,4,4,2.32,4,0,4
50640627,SACHIN,Kennedy,sachin.kennedy@mumail.ie,4,4,4,4,4,4,4,4,4,4
21002121,SALWA,Ryan,salwa.ryan@mumail.ie,4,2.08,4,3.6,3.32,2.68,1.68,2.2,0,0
30993222,SAM,Gallagher,sam.gallagher@mumail.ie,4,2.8,4,3.56,2.12,4,0.4,2.8,4,3.44
60182001,SEAN,Nolan,sean.nolan@mumail.ie,4,4,3.12,2.96,3.12,4,3.76,3.52,4,4
51596177,SITONG,Sheehan,sitong.sheehan@mumail.ie,4,3.4,3.12,4,3.28,4,1.4,4,4,4
29795251,THAPEN,Fitzgerald,thapen.fitzgerald@mumail.ie,4,4,3,3.2,4,4,2.96,3.6,4,4
98067951,VERONIKA,Farrell,veronika.farrell@mumail.ie,4,3.6,4,2.4,3.64,2.24,4,2.8,4,4
44259391,VERONIKA,Walsh,veronika.walsh@mumail.ie,0,3.12,1.76,4,2.92,3.8,0,3.4,0.4,0
36458945,VINCE,Kennedy,vince.kennedy@mumail.ie,3,3.2,2.24,1.6,3,4,3.32,3.52,2.6,1.72
29444926,ZYGIMANTAS,Gallagher,zygimantas.gallagher@mumail.ie,4,4,4,4,4,4,4,4,4,4
88962100,AARON,Moran,aaron.moran@mumail.ie,4,4,4,4,4,4,4,4,4,4
28355991,ABDURRAHMAN,Dunne,abdurrahman.dunne@mumail.ie,0,4,2.24,3.2,0,2.84,0.6,0,0,0
57325329,ADAM,O'Neill,adam.oneill@mumail.ie,2,2,0.44,0.8,0,0,0,0,0,0
61051356,AGNE,Murphy,agne.murphy@mumail.ie,4,4,4,4,3.96,4,3.6,4,0,4
82554050,AINE,Doyle,aine.doyle@mumail.ie,4,4,4,2.84,3.88,4,3.36,3.52,3.6,3.96
53679865,AISHAT,Maher,aishat.maher@mumail.ie,4,4,4,4,3.28,4,4,4,4,4
54272087,ALEXANDER,Kennedy,alexander.kennedy@mumail.ie,4,1,3.76,2.76,2.88,3.76,1.12,1.4,0,4
70486795,ANTONI,Gallagher,antoni.gallagher@mumail.ie,4,4,4,1.6,1.36,3.4,3,2.96,0,4
68439715,BLAKE,Brennan,blake.brennan@mumail.ie,4,4,3.36,3.96,3.52,3.04,2.56,3.52,3.2,0
28916910,CEZARY,Moore,cezary.moore@mumail.ie,4,4,4,4,2.92,2.68,1.4,3.2,0,0
72692928,CIARAN,O'Connor,ciaran.oconnor@mumail.ie,1.52,0.72,0.72,1.6,0.24,0,1.04,0,0,0
39812656,CONALL,Byrne,conall.byrne@mumail.ie,4,4,4,2.32,4,4,4,4,3.2,4
42687541,CONOR,O'Sullivan,conor.osullivan@mumail.ie,4,2.96,4,0,1.96,3.12,1.84,2.4,4,4
91016743,CORMAC,Gallagher,cormac.gallagher@mumail.ie,4,4,4,4,3.68,3.12,3.48,3.52,4,4
71058846,DANIEL,Power,daniel.power@mumail.ie,3.84,4,0.88,4,4,3.48,2.4,0,0,1.72
22105353,DANIEL,Brennan,daniel.brennan@mumail.ie,4,4,4,4,2.04,3.28,2.24,1.6,2,4
70086521,DARREN,Finnegan,darren.finnegan@mumail.ie,2,3.96,4,3.28,3.56,4,2.12,3.8,2.72,2.52
10700295,DAVID,Dunne,david.dunne@mumail.ie,4,3.52,4,3.56,0,0,0,0,0,0
44013913,DECLAN,Donovan,declan.donovan@mumail.ie,3.6,4,4,2.8,4,3.12,1.6,3.6,0,1.72
73625555,DEMILADE,Barry,demilade.barry@mumail.ie,4,3.88,2.24,2.48,4,4,3.92,3.2,0.4,4
77471025,ELLEN,O'Neill,ellen.oneill@mumail.ie,4,4,4,4,4,4,4,4,1,4
37720912,EMA,Moran,ema.moran@mumail.ie,2,4,4,0.16,3.28,4,2.88,4,4,4
45990970,FILIP,Brady,filip.brady@mumail.ie,3.52,2.4,2.68,0,0.96,2.24,0.48,0,2,2.84
12230549,FINAN,Fitzgerald,finan.fitzgerald@mumail.ie,2,3.88,4,3.52,3.04,2.92,2.76,3.52,0,0
99046614,GRACE,Walsh,grace.walsh@mumail.ie,4,4,3.88,4,3.8,4,3,3.8,4,4
19880196,GRACE,Donovan,grace.donovan@mumail.ie,4,0.4,3.96,0,0,0,0,0,0,0
67413804,JACK,Keane,jack.keane@mumail.ie,3.96,1.92,4,2.36,0.92,1.24,1.16,2.4,0.24,0
92244107,JACK,Murray,jack.murray@mumail.ie,4,2.92,4,4,2.72,2.44,3.4,2.36,4,0
90239774,JAMES,Moran,james.moran@mumail.ie,4,3.88,4,4,2.56,3.12,2.8,4,4,4
93947522,JAMES,Murphy,james.murphy@mumail.ie,0,0,0,2.28,0,0.24,0.6,0,0,0
14532650,JOHN,Sheehan,john.sheehan@mumail.ie,4,4,4,2.24,3.56,2.68,3.8,2,1,4
99403012,JOSEPH,Donovan,joseph.donovan@mumail.ie,4,4,4,4,3.64,4,3.6,4,4,4
52701053,KIAN,Kelly,kian.kelly@mumail.ie,4,4,4,4,3.84,4,4,4,4,4
64723117,LLOYD,Carroll,lloyd.carroll@mumail.ie,3.68,0.8,4,1.92,1.48,1.32,0.2,2.08,0,2.28
57282663,MATTHEW,Moore,matthew.moore@mumail.ie,2,1.6,0,0,3.68,0,0,0,0,0
72729148,MICHAL,Carroll,michal.carroll@mumail.ie,3.84,4,4,0,4,4,4,4,4,4
29195474,MODESOLA,Murphy,modesola.murphy@mumail.ie,2,1.96,1.84,0.4,0.28,2.04,0.92,1.16,2.8,0.96
83496795,MYKHAILO,Ryan,mykhailo.ryan@mumail.ie,4,4,4,4,4,4,4,4,4,4
64316426,NATALIE,Farrell,natalie.farrell@mumail.ie,4,4,4,4,3.52,4,4,4,4,4
39518199,OISIN,Collins,oisin.collins@mumail.ie,4,0,0,0,0,0,0,0,0,0
78735752,OSKAR,Finnegan,oskar.finnegan@mumail.ie,4,4,4,4,4,3.56,4,4,4,4
72056551,OWEN,Kennedy,owen.kennedy@mumail.ie,4,4,4,4,4,4,2.88,3.76,4,4
47380529,PATRICK,O'Connor,patrick.oconnor@mumail.ie,4,3.6,0.88,3.2,2.88,0,0.84,2.8,0,0
16238312,RANDON,Ryan,randon.ryan@mumail.ie,4,4,4,4,4,4,3.6,4,4,4
83078402,REINAS,O'Brien,reinas.obrien@mumail.ie,4,4,4,4,4,4,4,4,4,4
30717488,REUBEN,O'Reilly,reuben.oreilly@mumail.ie,4,4,4,3.2,4,4,3.6,4,4,3.44
56472638,RIONA,Dunne,riona.dunne@mumail.ie,4,4,4,4,4,3.72,3.48,4,4,4
68074530,SAM,Byrne,sam.byrne@mumail.ie,4,3.44,4,3.04,0.8,1.2,1.6,2.8,1,2.32
94998106,SHANE,Moore,shane.moore@mumail.ie,3.6,4,2.24,4,4,2.24,4,4,2.4,4
75640034,SINEAD,Dunne,sinead.dunne@mumail.ie,0,4,4,0.8,1.48,2.08,0.96,3,4,4
64734377,STEVEN,Sheehan,steven.sheehan@mumail.ie,2,4,2.24,3.44,2.56,2.68,1,2.44,4,2.2
44513932,TANMAY,Lynch,tanmay.lynch@mumail.ie,4,4,4,4,4,2.24,4,2.4,0,4
34164438,TIMILEYIN,Casey,timileyin.casey@mumail.ie,4,4,4,4,4,4,3.6,4,4,4
74247101,TOLULOPE,O'Connor,tolulope.oconnor@mumail.ie,2,4,4,3.84,4,4,4,4,0,3.44
37861048,TOMAS,Boyle,tomas.boyle@mumail.ie,1,0,3.12,0,0,0,0,0,0,0
40963132,AARON,Doyle,aaron.doyle@mumail.ie,4,4,4,0,4,0,2.52,2.36,0,3.44
22290486,ADAM,Donovan,adam.donovan@mumail.ie,4,4,4,4,1.44,3.48,2.48,4,4,3.44
92536739,ADITYA,O'Reilly,aditya.oreilly@mumail.ie,4,4,4,2.92,2.56,2.88,2.6,4,0,4
96631030,AOIBHIN,Doyle,aoibhin.doyle@mumail.ie,4,4,4,4,3.88,4,4,4,4,4
30851750,BENJAMIN,McCarthy,benjamin.mccarthy@mumail.ie,2.44,4,3.56,4,3.84,2.24,1.48,2.4,0,1.64
11968244,CHARLIE,Finnegan,charlie.finnegan@mumail.ie,4,0,2.2,4,1.44,0,0,0,0,0
82500610,CHRISTOPHER,Kelly,christopher.kelly@mumail.ie,4,0.32,0,0,0.4,0,0,0,0,0
33021789,CIAN,Farrell,cian.farrell@mumail.ie,4,4,4,3.6,1.04,1.76,1.32,2.8,1,4
89070671,CONOR,Brennan,conor.brennan@mumail.ie,4,4,4,4,3.32,4,2.72,3.76,4,4
14804335,DAVID,Murphy,david.murphy@mumail.ie,4,4,4,4,4,4,3.2,4,4,4
65115725,DEIVIDAS,Farrell,deividas.farrell@mumail.ie,0,0,3.96,2.16,0,0,0,0,0,0
72777338,DYLAN,Walsh,dylan.walsh@mumail.ie,4,4,4,3.52,4,4,4,4,3,4
41860313,EOIN,Boyle,eoin.boyle@mumail.ie,4,3.6,4,3.08,2.96,3.68,4,4,0,2.28
76691322,ETHAN,McMahon,ethan.mcmahon@mumail.ie,4,4,4,2.64,0,4,1.52,1.6,0,3.32
15711707,GRACE,McGrath,grace.mcgrath@mumail.ie,4,4,3.04,3.36,1.16,3.68,0.88,2.96,1,4
14023706,IBRAHIM,Byrne,ibrahim.byrne@mumail.ie,4,4,4,4,3,4,3.6,4,4,2.28
18280022,JACK,Boyle,jack.boyle@mumail.ie,4,3.44,4,3.04,1.08,2,1.08,2.4,0,0
96939852,JAKE,Brady,jake.brady@mumail.ie,3.92,1.92,3.12,0,0.92,2.24,3.4,3.2,3.72,0
50192240,JAKUB,O'Connor,jakub.oconnor@mumail.ie,4,4,4,4,4,4,4,4,4,4
93641353,JAMES,Power,james.power@mumail.ie,4,4,4,3.52,3.28,2.24,1.76,2.4,0,1.32
42867665,JAMES,Maguire,james.maguire@mumail.ie,0,0,0,0,0,0,0,0,0,0
75033531,JESSICA,Higgins,jessica.higgins@mumail.ie,0,1.08,3.28,1.48,2.52,2.16,0.32,0,0,0
18094987,JOANNA,O'Connor,joanna.oconnor@mumail.ie,4,4,4,4,4,4,1.2,4,4,4
86253272,JUDE,Walsh,jude.walsh@mumail.ie,4,4,4,4,4,4,4,4,4,4
40584220,KAI,Moran,kai.moran@mumail.ie,4,3.56,3.88,2.4,4,3.16,2.96,3.2,2.4,0
98530304,KEELAN,Burke,keelan.burke@mumail.ie,0,0,0,0,1.28,0,2.4,3.6,1,0
23061621,KILLIAN,Callaghan,killian.callaghan@mumail.ie,4,1.24,2.36,1.92,2.04,3.24,1.92,2.64,0,2.6
61861882,LARA,McMahon,lara.mcmahon@mumail.ie,4,4,4,3.8,3.64,3.12,2.48,1.96,2.4,0
15168545,LEANNE,Doyle,leanne.doyle@mumail.ie,4,4,4,4,4,4,4,4,4,4
26832681,MARVA,Burke,marva.burke@mumail.ie,4,3.2,3.64,4,3.84,4,4,2.96,3.6,0.56
70526424,MEER,Murray,meer.murray@mumail.ie,0,3.92,4,4,3.48,4,3.44,4,2.52,1.72
92121028,NIHAN,Flynn,nihan.flynn@mumail.ie,4,4,4,4,4,4,1.88,4,4,3.96
94059794,ODINAKACHUKWU,Maher,odinakachukwu.maher@mumail.ie,4,3.6,4,3.2,4,2.24,4,4,4,4
46244140,PAULA,Moran,paula.moran@mumail.ie,4,4,4,4,4,4,4,4,4,4
82996017,ROBBIE,McMahon,robbie.mcmahon@mumail.ie,2,2.24,0,1.16,2.6,3.32,3.04,2.52,0,3.44
53220917,ROBERT,O'Brien,robert.obrien@mumail.ie,4,4,4,4,4,4,4,4,4,4
15446974,RYAN,Kennedy,ryan.kennedy@mumail.ie,1.24,2.24,1.2,0.64,2.44,1.92,0.64,2.92,2.2,3.08
59293621,SAIDARSH,Fitzgerald,saidarsh.fitzgerald@mumail.ie,4,4,4,4,4,4,4,4,4,4
82214753,SEAN,Kennedy,sean.kennedy@mumail.ie,4,4,4,4,4,3.56,4,4,3,4
21815986,SEAN,Doyle,sean.doyle@mumail.ie,2.84,1.16,4,1.64,0.44,3.08,0.12,1.76,0,0
89660073,SEFORA,Casey,sefora.casey@mumail.ie,3.92,2.04,2.96,0.48,0,0,0,0,0,0
17744422,SHANE,Keane,shane.keane@mumail.ie,3.52,0.52,0.44,1.56,0.64,2.84,0.76,0.48,0,3.48
13845265,SINDY,Farrell,sindy.farrell@mumail.ie,4,3.88,4,3.2,1.96,0,1.2,2.84,3.72,4
55418801,THOMAS,Ryan,thomas.ryan@mumail.ie,4,4,4,4,4,3.56,4,4,4,0
32150780,VALERIA,McCarthy,valeria.mccarthy@mumail.ie,4,4,4,4,3.12,4,3.08,4,1.8,4
40541902,WILLIAM,Brady,william.brady@mumail.ie,0,0,0,0,0,0,0,0,0,0
96584519,ADAM,Doyle,adam.doyle@mumail.ie,4,4,4,3.52,4,3.76,3.04,1.56,0,0
48627789,ALEX,Doyle,alex.doyle@mumail.ie,0,0,0,0,0,0,0,0,0,0.56
75234910,ALICJA,Murray,alicja.murray@mumail.ie,4,4,4,3.6,3.88,4,3.36,4,3.4,4
37734403,ANDREW,Doyle,andrew.doyle@mumail.ie,4,4,4,4,4,3.56,1.4,4,0,0
54202295,ANNIKA,Gallagher,annika.gallagher@mumail.ie,1.32,1.92,3.88,0.36,2.68,2.68,2.16,4,4,4
43297874,ARIEL,Gallagher,ariel.gallagher@mumail.ie,4,4,4,4,4,4,4,4,4,4
79670982,AWAIS,Farrell,awais.farrell@mumail.ie,4,1.8,3.88,4,1.6,2.32,0.36,0,2.72,1.72
21910507,BARTLOMIEJ,Dunne,bartlomiej.dunne@mumail.ie,3.6,4,4,4,4,4,4,4,4,4
77958105,BREANNA,Donovan,breanna.donovan@mumail.ie,3.92,4,4,4,3.64,4,4,4,4,1.72
24014421,BRYAN,Murphy,bryan.murphy@mumail.ie,0,0,0,0,0,0,0,0,0,0
28613839,CALLUM,Maguire,callum.maguire@mumail.ie,4,4,4,3.6,3.64,4,0.96,3.6,3,0
11435169,CHIKEZIE,Hayes,chikezie.hayes@mumail.ie,4,4,4,3.76,2.64,4,2.6,3.2,1.6,1.16
48251029,CHRISTOPHER,Doyle,christopher.doyle@mumail.ie,4,4,4,4,4,4,3.12,4,4,4
24642845,CONOR,Murphy,conor.murphy@mumail.ie,4,4,4,4,0,0,0,0,0,0
32793157,CORMAC,Moran,cormac.moran@mumail.ie,4,4,4,4,4,4,4,4,4,4
53033989,DANIEL,Boyle,daniel.boyle@mumail.ie,1,1.6,1.76,2.8,1.96,1.76,1.6,3.8,0,0
45213749,DANIEL,Lynch,daniel.lynch@mumail.ie,4,0,4,2,0,0,0,0,0,0
97775926,DARRAGH,Gallagher,darragh.gallagher@mumail.ie,4,0,4,0,2.92,0,0,0,0,0
76931823,DAVID,Casey,david.casey@mumail.ie,4,3.44,3.96,1.44,0.12,0,0,0,0,0
77783669,DOVYDAS,Casey,dovydas.casey@mumail.ie,4,4,4,4,4,4,3.16,3.92,1,2.28
56197684,EABHA,Kennedy,eabha.kennedy@mumail.ie,0,0,0,0,0,1.32,0.64,1.6,0,2.4
67563666,EDWARD,Finnegan,edward.finnegan@mumail.ie,4,3.88,4,4,3.76,3.72,3.6,3.8,3,4
91799031,EOIN,Nolan,eoin.nolan@mumail.ie,1.52,3.44,0.48,3.6,2.48,2.4,1.36,2.56,0,4
91779366,GABRIELLE,O'Neill,gabrielle.oneill@mumail.ie,4,4,4,4,1.08,3.32,1.12,1.16,2,3.88
37503866,GLEN,Flynn,glen.flynn@mumail.ie,4,4,4,4,4,4,4,4,4,4
35282012,GRACE,Ryan,grace.ryan@mumail.ie,4,4,4,4,4,4,4,4,3,4
18065078,HARI,McGrath,hari.mcgrath@mumail.ie,4,4,4,4,3.28,4,4,4,0,2.84
79927954,HENKEL,Casey,henkel.casey@mumail.ie,4,4,4,3.6,4,4,3.76,4,3,1.72
49135579,JAMES,Collins,james.collins@mumail.ie,1.52,0,0.56,0,0,0,0,0,0,0
43426555,JAN-FREDERIK,Power,jan-frederik.power@mumail.ie,4,4,4,4,4,3.36,3.28,4,1,2.84
55898988,JENNIFER,Byrne,jennifer.byrne@mumail.ie,4,4,4,3.6,4,4,3.6,4,4,3.72
60042038,JULIAN,Kelly,julian.kelly@mumail.ie,4,4,4,4,4,4,4,3.6,4,2.28
76615032,KARLO,Brady,karlo.brady@mumail.ie,4,3.76,4,1.48,3.44,2.8,1.76,1.68,2.72,1.16
49152359,KEELAN,Brennan,keelan.brennan@mumail.ie,0,0,0,0,0,0,0,0,0,0
27228934,KHATE,Burke,khate.burke@mumail.ie,4,4,2.68,4,3.28,2.24,4,4,4,4
13969648,KHOI,O'Sullivan,khoi.osullivan@mumail.ie,4,4,4,4,4,4,4,4,4,4
87868419,KILLIAN,Boyle,killian.boyle@mumail.ie,4,4,4,4,4,4,1.12,3.12,1,3.36
82478159,LEAH,Brady,leah.brady@mumail.ie,3,2.44,3.8,2.76,2.48,3.32,3.84,2.96,1.12,3.72
87937302,LEON,Maguire,leon.maguire@mumail.ie,4,3.44,4,3.6,4,3.56,3.04,4,0,1.72
93258021,LOUIS,Burke,louis.burke@mumail.ie,4,4,4,2,3.48,4,3.36,1.68,0,4
57357102,MARK,Murray,mark.murray@mumail.ie,4,4,4,4,4,4,4,4,4,4
13912660,MARTINA,O'Brien,martina.obrien@mumail.ie,4,4,4,4,4,4,4,4,4,4
49940417,MC,Brady,mc.brady@mumail.ie,4,3.96,4,3.32,2.52,3.08,1.6,0.6,3.2,3.96
68661280,NADINE,Ryan,nadine.ryan@mumail.ie,0,3.72,4,3.52,3.2,4,1.28,2.88,4,0
54081596,NIALL,Callaghan,niall.callaghan@mumail.ie,4,4,4,4,3.28,4,3.88,4,4,4
81124900,OISIN,Donovan,oisin.donovan@mumail.ie,4,2.76,4,3.6,0,0,0,0.04,0,0
15748697,OLIVER,Murray,oliver.murray@mumail.ie,4,1.8,2.88,2.04,0.76,1.76,1.04,1.48,0,2.04
14056233,OLUWAKOREDE,Barry,oluwakorede.barry@mumail.ie,4,3.2,4,4,1.8,2.48,1.12,2.4,0,3.56
86849692,RANIER,Moore,ranier.moore@mumail.ie,4,2.8,2.72,3.4,2.28,2.68,0.64,0,0,1.72
12172696,ROBERT,Sheehan,robert.sheehan@mumail.ie,1.52,3.92,3.08,3.16,3.52,4,3.68,4,4,4
84637902,RYAN,Reid,ryan.reid@mumail.ie,4,4,4,4,4,4,4,4,4,4
51931289,SEAN,McMahon,sean.mcmahon@mumail.ie,4,4,4,4,3.84,3.72,4,3.6,4,4
73949620,SERENA,Healy,serena.healy@mumail.ie,3.6,0,4,0,0.36,0.48,0.6,0,0.72,0
46247807,SHANE,Brennan,shane.brennan@mumail.ie,4,1.6,2.24,2.4,0,0,0.04,2.2,0,2.28
83442693,SHAZEL,Power,shazel.power@mumail.ie,2,0,3.56,0,0,0,1,1.88,0,0
54093626,TOMMY,Donovan,tommy.donovan@mumail.ie,3.92,4,3.12,4,4,4,4,4,4,4
47555228,ABBIE,Power,abbie.power@mumail.ie,2.44,1.2,1.76,2.08,1.52,0.8,0,2.64,0,3.08
12883876,ADAM,Doyle,adam.doyle@mumail.ie,4,4,4,4,4,4,4,4,4,1.72
13606343,AGATHE,Carroll,agathe.carroll@mumail.ie,4,4,4,4,4,4,4,4,0,4
80690307,ALEX,O'Neill,alex.oneill@mumail.ie,4,2.68,1.32,3.6,0,0,0,0,0,0
47343059,ALIYAT,O'Brien,aliyat.obrien@mumail.ie,4,3.6,2.24,3.56,4,2.76,2.64,2.8,0,4
32079179,AOIBHE,O'Connor,aoibhe.oconnor@mumail.ie,3,4,4,4,4,4,2,4,0,4
45468572,AUGUSTINAS,Murray,augustinas.murray@mumail.ie,0,0,0,2.8,2.2,2.24,2.24,2.8,4,1.72
28152410,CONOR,Maguire,conor.maguire@mumail.ie,4,2.52,2.68,3.4,2.76,3.32,2.52,2.52,1.6,3.96
12177825,DANIEL,McGrath,daniel.mcgrath@mumail.ie,4,4,4,4,0,1.76,2,0,0,2.28
32063855,DANIEL,Reid,daniel.reid@mumail.ie,4,4,4,4,3.88,4,4,4,2,4
23811832,DAVID,Brady,david.brady@mumail.ie,4,0.96,4,2.76,1.76,0,0,0,0,0
64173672,DAVID,Moran,david.moran@mumail.ie,4,4,4,4,4,4,4,4,4,4
58441904,DORIAN,Reid,dorian.reid@mumail.ie,4,3.2,4,4,4,4,3.76,4,4,4
22699641,EMILY,Nolan,emily.nolan@mumail.ie,4,4,4,4,4,4,4,4,4,4
71445998,EMMANUEL,McMahon,emmanuel.mcmahon@mumail.ie,2.24,1.84,4,2.72,3.48,4,2.12,2.72,0,0
13853407,EVAN,Brady,evan.brady@mumail.ie,3.44,3.88,3.8,3.24,0,3.72,3.72,4,4,1.16
17858319,FRANKLIN,Flynn,franklin.flynn@mumail.ie,4,4,2.8,4,3.68,3.84,2.08,2.96,3,3.44
54063073,GABRIELE,Kennedy,gabriele.kennedy@mumail.ie,4,4,4,4,3.88,4,4,4,4,4
29138045,HOLLY,McGrath,holly.mcgrath@mumail.ie,3,4,4,3.56,2.36,4,4,3.52,4,3.08
76830158,HUANG,Maguire,huang.maguire@mumail.ie,2,4,0,1.4,4,4,1.6,3.6,0,4
23775687,HUNAIN,Ryan,hunain.ryan@mumail.ie,4,4,4,4,4,4,4,3.6,4,4
53690925,JACK,Gallagher,jack.gallagher@mumail.ie,4,4,3.24,4,4,4,4,4,4,0
40972553,JAKE,Keane,jake.keane@mumail.ie,3.88,3.84,2.56,3.92,3.32,0,0,0.68,0,0
22711334,JOE,Finnegan,joe.finnegan@mumail.ie,3.76,2.64,2.32,1.88,3.08,3.84,1.76,2.6,0,3.2
75409861,KILLIAN,Maher,killian.maher@mumail.ie,4,3.2,2.68,2.8,3.28,2.44,1.48,1.6,0,4
63432844,LUKE,Hayes,luke.hayes@mumail.ie,4,4,4,4,4,3.44,2.4,4,3,3.44
86936692,MAEVE,Maher,maeve.maher@mumail.ie,4,2,2.8,1.2,0,0.88,0,0,0,0.28
88492644,MATEI,Carroll,matei.carroll@mumail.ie,0,0,2.04,0,0,0,0,0,0,0
34344202,MAX,Keane,max.keane@mumail.ie,4,4,3.68,3.6,3.2,0.44,1.32,1.6,0,0
76513814,MCCORMACK,Maguire,mccormack.maguire@mumail.ie,4,2.4,2.64,3.84,2.6,2.64,0,2,0.2,2.88
78199665,MUHAMMAD,Reid,muhammad.reid@mumail.ie,4,4,4,1.6,1.44,4,3.84,4,3.2,4
80039952,NAOMI,Walsh,naomi.walsh@mumail.ie,4,3.8,4,3.28,3.68,3.48,1.96,3.68,1.52,4
29301129,NEDAS,Ryan,nedas.ryan@mumail.ie,4,4,4,4,4,4,4,4,3,4
26484165,NIKITA,O'Sullivan,nikita.osullivan@mumail.ie,4,4,4,4,2,4,3.44,3.96,4,4
41829309,OISIN,Kennedy,oisin.kennedy@mumail.ie,4,1.76,1.64,3.36,3.68,1.08,1.6,1.56,0.2,0
97398591,OLAMIDE,Kelly,olamide.kelly@mumail.ie,4,4,4,4,3.56,2.24,4,4,4,4
29385358,OLIVER,McCarthy,oliver.mccarthy@mumail.ie,0,0,0,0,0,0,0,0,0,0
60745414,OSCAR,Doyle,oscar.doyle@mumail.ie,0,2.96,4,4,2.68,3.32,2.24,3.52,2.72,1.04
27538054,PADRAIC,Walsh,padraic.walsh@mumail.ie,4,4,4,4,4,4,4,4,3.4,4
94381743,RAKIB,Healy,rakib.healy@mumail.ie,4,0.28,3.4,0.72,3.04,2.16,2.32,4,3.6,3.08
73498296,RENAT,Burke,renat.burke@mumail.ie,4,2,1.76,0,1.44,2.24,3.28,3.36,4,3.88
77780895,RUSIYI,Brennan,rusiyi.brennan@mumail.ie,4,1.52,1,1.96,2.12,1.04,0.8,0.8,0.72,2.52
98740194,SEAN,Moran,sean.moran@mumail.ie,4,3.2,4,3.2,3.28,2.96,2.16,3.8,1.6,1.72
29910308,SEAN,Collins,sean.collins@mumail.ie,4,4,4,3.6,0,1.12,0,0,0,0
94594330,SENAN,Burke,senan.burke@mumail.ie,4,4,4,3.8,4,4,3.2,3.2,4,1.72
79275168,SHANE,Doyle,shane.doyle@mumail.ie,4,4,4,4,4,4,4,4,3,3.44
49803756,SHANE,Smith,shane.smith@mumail.ie,4,3.68,3.2,2.84,4,3.64,3.36,4,3.72,4
97193550,SHANNEN,Fitzgerald,shannen.fitzgerald@mumail.ie,4,4,4,4,4,4,4,4,4,4
70537205,SOPHIE,Sheehan,sophie.sheehan@mumail.ie,4,3.6,3.56,2.84,0.88,4,0.2,1.28,0.6,0.2
13124171,THOMAS,Keane,thomas.keane@mumail.ie,4,1.6,2.28,1.2,1.08,0,0,0,0,0
25979893,AARON,O'Neill,aaron.oneill@mumail.ie,4,3.88,0,3.96,0.68,2.24,2.32,2,0,0
17400417,ADAM,Keane,adam.keane@mumail.ie,0,4,4,1.6,0.72,1.76,3.4,3.96,2.4,4
60054282,ADAM,Keane,adam.keane@mumail.ie,3.52,2.56,4,2.32,1.96,0.8,1.72,1.44,0,0
42381774,AGATA,McGrath,agata.mcgrath@mumail.ie,2,3.16,4,2.72,1.48,2.16,1.36,1.6,0,2.28
65577314,ALANNAH,Brady,alannah.brady@mumail.ie,4,4,4,4,3.64,4,3.76,3.52,3,4
34825539,ANDREW,Maher,andrew.maher@mumail.ie,3.48,4,4,4,4,4,4,4,4,4
31893038,BOLUWATIFE,Higgins,boluwatife.higgins@mumail.ie,0,0,0,0,1.12,3.76,3.08,3.84,3.72,3.76
83083224,CHIBUIKEM,McMahon,chibuikem.mcmahon@mumail.ie,3.72,4,3.56,4,3.52,4,3.04,2,2,3.44
26456552,CIARA,Brady,ciara.brady@mumail.ie,4,0.24,3.96,3.56,3.64,2.16,2.96,2.8,0.2,0
97448009,CONOR,Moran,conor.moran@mumail.ie,4,4,4,4,3.88,4,4,3.2,4,4
51313926,DANIEL,O'Brien,daniel.obrien@mumail.ie,4,4,4,4,4,3.08,0,1.6,0,2.84
69085025,DANIELIUS,O'Sullivan,danielius.osullivan@mumail.ie,4,3.16,4,3.4,2.44,3.76,2.8,4,0,4
32600799,DAVID,Moran,david.moran@mumail.ie,4,4,4,4,2.76,4,3.28,0,0,2.64
44350129,DAVID,Moran,david.moran@mumail.ie,2,4,4,4,2.52,2.24,1.36,4,0.72,2.84
56227389,ELISA,Nolan,elisa.nolan@mumail.ie,4,4,4,2,4,3.6,0.8,2.4,0,0
75006835,EMMANUEL,Kavanagh,emmanuel.kavanagh@mumail.ie,4,2.72,4,3.2,2.44,3.64,2.44,2.76,3.6,1.6
31988752,EOGHAN,Keane,eoghan.keane@mumail.ie,4,4,4,3.6,4,3.56,2,4,2.72,0.8
81561751,FAVOUR,Finnegan,favour.finnegan@mumail.ie,4,4,4,4,4,4,3.76,4,4,3.96
32320940,FINN,Reid,finn.reid@mumail.ie,4,3.92,4,3.92,3.8,4,4,4,0.2,4
13891162,IFE,Carroll,ife.carroll@mumail.ie,0,2.52,2.24,0.88,0.56,0,0,0,0,0
33544570,JESNA,Murray,jesna.murray@mumail.ie,4,3.16,4,2.96,3.64,1.48,2.4,2.52,2.72,1.48
80120692,JOSEPH,O'Sullivan,joseph.osullivan@mumail.ie,4,3.64,4,2.48,2.72,0,0.04,1.2,0.72,1.72
42806736,KACPER,Nolan,kacper.nolan@mumail.ie,4,4,4,4,4,2.24,1.68,3.4,4,0
16984312,KHALEED,Brady,khaleed.brady@mumail.ie,4,4,4,4,4,3.28,4,4,1.72,4
59338005,KILLIAN,Smith,killian.smith@mumail.ie,3.92,4,4,4,3.88,4,1.6,1.52,0,2.84
71563189,LEAH,Power,leah.power@mumail.ie,4,4,4,4,4,4,3.2,4,4,4
51249407,MACKENZIE,McGrath,mackenzie.mcgrath@mumail.ie,3.52,4,2.64,4,3.28,4,2.8,4,4,4
94695963,MEGAN,Collins,megan.collins@mumail.ie,4,4,4,4,4,1.76,2.52,3.8,4,2.28
14618318,MIALILY,Doyle,mialily.doyle@mumail.ie,4,4,4,4,4,3.8,3.4,3.36,3,0
12302791,MICHELLE,Finnegan,michelle.finnegan@mumail.ie,4,4,4,4,3.16,3.64,1.6,3.04,1.32,2.76
18953844,NICOLETA,Collins,nicoleta.collins@mumail.ie,4,3.2,4,2.8,1.08,2.44,2.28,2.6,0.72,2.52
68877111,OKSANA,Fitzgerald,oksana.fitzgerald@mumail.ie,4,4,4,4,3.28,2.68,4,3.2,4,4
32301635,RACHEL,Byrne,rachel.byrne@mumail.ie,4,4,4,4,4,4,3.56,4,4,4
88094627,RAVEN,Byrne,raven.byrne@mumail.ie,4,4,4,4,3.8,3.88,4,4,4,4
90834231,ROAN,Callaghan,roan.callaghan@mumail.ie,0,4,4,0.4,1.8,0.44,0.8,0,0,0
81499042,ROISIN,Byrne,roisin.byrne@mumail.ie,4,3.8,4,3.28,3.52,3.96,2,3.68,4,3.72
99009367,SEAN,Nolan,sean.nolan@mumail.ie,4,4,4,2.72,2.64,3.56,1,3.92,3.72,4
31446992,SEAN,Maguire,sean.maguire@mumail.ie,4,2.8,2.24,3.2,3.28,4,2.08,4,0,3.2
51341397,SHANNON,Ryan,shannon.ryan@mumail.ie,2,4,3.84,3.64,3.72,4,2.72,1.96,1.72,0
51245704,TM,Murray,tm.murray@mumail.ie,4,4,4,4,4,4,4,4,4,4
94343900,VALENTINE,Maher,valentine.maher@mumail.ie,4,3.76,3.8,4,4,4,4,4,4,4
28754240,VICTORIA,Murray,victoria.murray@mumail.ie,4,4,4,3.6,4,4,3.8,4,4,4
14883984,VICTORIA,Kennedy,victoria.kennedy@mumail.ie,2.08,2.04,2.16,1.56,3.28,2,1.88,3.08,1.4,2
46444181,ZAKHAR,Quinn,zakhar.quinn@mumail.ie,4,4,4,4,4,4,4,4,4,4
84581194,ADAM,Ryan,adam.ryan@mumail.ie,4,3.92,4,3.2,0,0,1.64,0,0,0
82002923,ADAM,Higgins,adam.higgins@mumail.ie,1.92,3.6,4,4,4,0.44,0.8,0,0,0
39404900,ADNAN,McGrath,adnan.mcgrath@mumail.ie,4,4,4,3.6,4,4,4,4,4,4
88103879,AKIRA,Boyle,akira.boyle@mumail.ie,4,2.64,3.44,3.16,1.48,1.44,1.72,2.64,1.44,1.4
62046439,ALLISON,Healy,allison.healy@mumail.ie,4,2.72,4,3.96,3.36,3.56,2.44,3.64,2.88,3.76
81532511,AMBER,Donovan,amber.donovan@mumail.ie,4,2.8,4,1.6,2.56,0.88,0,2.6,0,0
83811033,ANNA,Moran,anna.moran@mumail.ie,4,3.84,4,3,3.32,3.08,2.44,4,4,4
84129199,BASHAR,Clarke,bashar.clarke@mumail.ie,4,2.28,3.12,4,3.28,3.48,2.16,3.52,2.6,1.6
31144339,BEN,Carroll,ben.carroll@mumail.ie,4,4,4,3.6,3.36,3.8,2.4,3.6,0,4
58740203,BENJAMIN,Clarke,benjamin.clarke@mumail.ie,4,0,0,0,0,0,0,0,0,0
61943620,CAITLIN,Doyle,caitlin.doyle@mumail.ie,4,0,0,0,0,0,0,0,0,0
30734738,CHARLOTTE,Brennan,charlotte.brennan@mumail.ie,4,4,4,4,3.84,3.72,3.2,4,4,3.96
52273626,CLAR,Carroll,clar.carroll@mumail.ie,4,4,4,4,4,4,4,4,4,4
49843807,CONOR,O'Brien,conor.obrien@mumail.ie,4,4,4,4,1.08,4,3.2,3,3.72,1.72
47907778,DANIEL,Quinn,daniel.quinn@mumail.ie,4,4,4,4,4,4,4,4,4,4
81097533,DAVID,Walsh,david.walsh@mumail.ie,4,4,4,4,2.12,0,0.52,1.2,0,2.76
70335619,DAWID,Keane,dawid.keane@mumail.ie,4,4,4,4,1.8,3.04,0,2.76,0,1.64
66131761,DAYNA,Brady,dayna.brady@mumail.ie,2,4,4,4,0,1.76,0.56,0.92,0,0
65441128,DYLAN,Smith,dylan.smith@mumail.ie,4,0.8,0.08,0,0,0,0,0,0,0
57372970,EIMEAR,Callaghan,eimear.callaghan@mumail.ie,4,4,4,3.6,2.92,2.68,1.6,2.72,1.72,4
17959599,ELIZABETH,Smith,elizabeth.smith@mumail.ie,4,3.6,2.84,3.96,3.68,4,4,4,4,4
63378634,ENRIC,O'Neill,enric.oneill@mumail.ie,4,4,4,4,4,4,4,4,4,1.72
86325753,FABIO,Healy,fabio.healy@mumail.ie,4,4,4,4,4,4,4,3.4,4,2.28
24073770,FIONA,Barry,fiona.barry@mumail.ie,4,4,4,4,4,4,3.32,4,2,4
46498216,GLEN,O'Reilly,glen.oreilly@mumail.ie,4,4,3.56,2.96,2.56,1.76,2.96,4,4,4
50077980,HANNAH,O'Brien,hannah.obrien@mumail.ie,0,2.4,1.76,2.8,1.24,2.24,0.4,2.76,0,2.84
96527044,HARSHAL,Dunne,harshal.dunne@mumail.ie,0,0,0,3.2,0,0,0,0,0,0
80960369,ISAIAH,Gallagher,isaiah.gallagher@mumail.ie,4,4,4,3.6,2.32,1.52,2,1.28,0,0
25024418,JAKUB,Flynn,jakub.flynn@mumail.ie,3.92,4,4,4,3.76,2.68,1.28,2.4,0,3.16
53901476,JAMES,Nolan,james.nolan@mumail.ie,2,3.76,3.84,3.68,3.92,3.72,2.84,3.68,1.92,3.8
55621442,JESSIE,Hayes,jessie.hayes@mumail.ie,0,0,0,4,3.72,4,3.76,3.52,0,0
48184659,JOSHUA,Maher,joshua.maher@mumail.ie,4,0.68,0.72,1.76,0,0.32,0.64,0,0,0
33373565,KELSEY,Kennedy,kelsey.kennedy@mumail.ie,0,0,0,0,0,0,0,0,0,0
11387327,KIAN,Power,kian.power@mumail.ie,0,0,0,0,0,0,0,0,0,0
34154633,KONRAD,McMahon,konrad.mcmahon@mumail.ie,4,4,4,4,4,3.72,2.96,4,3.4,4
69631998,KRISTERS,Maguire,kristers.maguire@mumail.ie,4,4,4,3.2,4,2.68,4,4,4,4
66437072,LAILA,Smith,laila.smith@mumail.ie,4,4,4,4,4,4,3.76,4,3,0
92462943,MARIIA,Maher,mariia.maher@mumail.ie,3.92,4,4,4,2.16,4,1.84,1.6,3,0
43067324,MARK,Nolan,mark.nolan@mumail.ie,4,4,4,4,4,4,4,4,4,4
99958938,MARTON,Barry,marton.barry@mumail.ie,4,4,3.84,2.56,3.28,4,0.8,2.4,0,0
91656080,MIRACLE,Casey,miracle.casey@mumail.ie,2,2.12,0.64,1.76,1.56,3.56,3.2,4,1,4
94184069,NAMITHA,Power,namitha.power@mumail.ie,4,4,1.76,3.6,4,3.72,1.36,2.8,0,1.44
30336956,NGOC,Keane,ngoc.keane@mumail.ie,0,4,2.92,2.72,2.68,0,2.68,0,0,0
58128136,NIAMH,McCarthy,niamh.mccarthy@mumail.ie,4,4,3.56,3.2,1.8,2,0.68,1.6,0,0.24
69444875,OLUWAGBEMISOLA,Flynn,oluwagbemisola.flynn@mumail.ie,4,4,4,3.96,3,3.36,1.64,3.32,2.32,0.4
22272253,PATRICK,Higgins,patrick.higgins@mumail.ie,4,4,4,4,4,4,4,4,4,4
16468243,PATRYK,Casey,patryk.casey@mumail.ie,4,4,4,4,3.48,4,0.68,4,4,4
72433921,PETER,Maher,peter.maher@mumail.ie,4,4,4,4,4,4,3.76,4,4,4
30743853,RAMZ,Power,ramz.power@mumail.ie,4,3.8,3.52,3.48,2.76,2.88,1.56,1.08,0,0.6
48344774,RICHARD,O'Brien,richard.obrien@mumail.ie,4,4,4,4,4,4,4,4,4,4
51559349,ROBERT,Kavanagh,robert.kavanagh@mumail.ie,4,4,4,4,4,4,4,4,4,4
82380239,SADBH,Collins,sadbh.collins@mumail.ie,4,3.84,3.96,3.6,3.64,4,2.84,3.08,2.72,2.84
14123987,SAMUEL,Walsh,samuel.walsh@mumail.ie,3.52,4,4,4,3.68,4,4,4,1,4
18513744,SEAN,Lynch,sean.lynch@mumail.ie,4,2.4,4,1.88,0.92,0,0,0,0,0
56890291,SEAN,Moore,sean.moore@mumail.ie,4,2.6,3.28,2.8,2.92,3.56,0.88,1.88,0,2.28
87452756,SRIYA,Healy,sriya.healy@mumail.ie,1,3.2,3.48,3.88,3.88,3.12,3.2,4,4,3.72
8698764,STEFAN,Donovan,stefan.donovan@mumail.ie,4,4,4,2.8,0.96,0,2,2.4,1.72,0.56
11294309,THOMAS,Doyle,thomas.doyle@mumail.ie,3.6,2.72,1.76,2.64,2.56,4,1.52,3.28,3.32,0
10476677,TONY,Power,tony.power@mumail.ie,2,4,4,3.72,4,4,1.36,2.4,0,4
72415446,UGNIUS,O'Neill,ugnius.oneill@mumail.ie,4,4,4,4,4,4,4,4,3,3.68
68138284,WHITNEY,Lynch,whitney.lynch@mumail.ie,2.84,2.4,2.96,0.92,1.08,4,3.28,2.8,0.48,0.52
79087907,AIMON,Murray,aimon.murray@mumail.ie,4,4,4,4,2.92,3.12,4,4,3,4
82286975,ANDRE,Doyle,andre.doyle@mumail.ie,4,4,4,4,4,4,4,4,4,4
68123853,ANSHUK,Carroll,anshuk.carroll@mumail.ie,2.52,4,4,2.56,2,3.12,1.4,3.12,2.6,3.88
74411086,AOIFE,Callaghan,aoife.callaghan@mumail.ie,4,2.64,4,3.4,2.64,2.32,0.88,3.24,0,3.88
77330996,AUSTIN,Healy,austin.healy@mumail.ie,3.6,2,3.56,0,0.72,0,0.2,0.8,0,0
50371858,BASIL,Healy,basil.healy@mumail.ie,0,3.72,3.36,2.96,3.68,1.08,3.2,3.8,4,1.16
22731950,BEN,Kennedy,ben.kennedy@mumail.ie,2.52,3.88,4,3.48,1.52,2.96,0.48,1,0,0
20248719,BRIAN,Quinn,brian.quinn@mumail.ie,4,3.2,4,2.64,2.68,2.72,0.4,1.4,2.92,1.72
60861463,BRIAN,Reid,brian.reid@mumail.ie,2,3.6,2.68,3.6,3.28,4,4,2.8,1.6,4
64785805,BRIAN,Kavanagh,brian.kavanagh@mumail.ie,4,3.48,3.48,2.32,2.56,0,1.2,2.64,0,3.16
86124581,CHESNEY,Finnegan,chesney.finnegan@mumail.ie,4,4,4,4,4,1.12,3.6,4,3,1.72
30206107,CHRISTINE,Smith,christine.smith@mumail.ie,4,3.88,2.24,2.96,2.4,0,0.8,1.32,0,2.64
74401839,CHRISTOPHER,Brennan,christopher.brennan@mumail.ie,4,4,4,2.24,2.52,4,0.36,3.04,3.2,4
97166205,CIAN,Moran,cian.moran@mumail.ie,4,3.88,4,3.6,2.44,2.92,1.68,2.96,0.72,0.84
49843368,CIAN,Nolan,cian.nolan@mumail.ie,4,2.8,2.68,1.6,0.2,0,0,0,0,0
54083433,CIAN,McCarthy,cian.mccarthy@mumail.ie,1.96,4,4,1.6,1.44,3.48,4,4,0,4
11932445,COLM,Byrne,colm.byrne@mumail.ie,4,4,4,4,3.64,4,3.72,4,4,3.32
45672982,CONOR,Byrne,conor.byrne@mumail.ie,4,4,4,2.8,4,1.76,0.32,2,0,0
72290424,CONOR,Callaghan,conor.callaghan@mumail.ie,4,4,4,3.52,4,4,1.08,2.4,2,1.6
96984816,CONSTANTIN,Nolan,constantin.nolan@mumail.ie,4,4,4,3.6,0,4,3.52,2,0,2.84
41206961,DALY,O'Reilly,daly.oreilly@mumail.ie,4,4,4,3.8,3.64,2.04,2.88,3.2,1.72,0
95524924,DAVID,Farrell,david.farrell@mumail.ie,3.92,4,3.56,4,4,4,4,4,3.8,1.72
14036427,DAVID,O'Neill,david.oneill@mumail.ie,4,4,3.56,0,3.08,2.56,3.04,4,3.4,0
52003280,DAWID,Fitzgerald,dawid.fitzgerald@mumail.ie,4,4,4,4,4,4,4,4,4,4
59128100,DMITRIJS,O'Neill,dmitrijs.oneill@mumail.ie,4,4,4,4,4,4,4,4,3.8,4
98777618,DONAL,Callaghan,donal.callaghan@mumail.ie,4,3.84,4,3.6,1.44,3.56,0,0,0,1.72
76194983,EIMAAN,Healy,eimaan.healy@mumail.ie,4,4,4,0.92,3.28,4,3.6,2.4,4,1.72
38764404,EMMA,Casey,emma.casey@mumail.ie,2.6,4,4,4,3.8,4,2.84,4,4,4
11175690,EVAN,Maher,evan.maher@mumail.ie,4,3.2,4,3.6,0.72,3.96,1.6,2.2,0,1.36
38996093,FARIDAT,O'Brien,faridat.obrien@mumail.ie,4,4,4,3.52,4,4,4,4,1,4
19328111,HALLE,O'Connor,halle.oconnor@mumail.ie,4,4,0.52,0,3.28,0,0,0,0,0
66252940,HANAN,Lynch,hanan.lynch@mumail.ie,4,4,4,4,3.4,3.48,1.32,4,4,4
13205082,JACK,Maguire,jack.maguire@mumail.ie,3,1.24,1.84,1.96,0.68,0.64,0.36,0.68,0,0.32
71580428,JAMES,Carroll,james.carroll@mumail.ie,4,3.08,3.52,1.2,2.56,3.08,1.64,1.8,2.64,2.56
59226246,JAMES,Donovan,james.donovan@mumail.ie,4,4,4,2,4,4,4,4,4,4
58555565,JOSEPH,Sheehan,joseph.sheehan@mumail.ie,4,3.68,4,0,0,0,0,0,0,0
76582161,JOSH,Smith,josh.smith@mumail.ie,4,3.72,4,1.56,2.2,3.28,1.72,2.72,1.48,2.84
74467121,JOSH,Flynn,josh.flynn@mumail.ie,4,3.6,4,4,4,4,4,4,4,4
11040511,JOSHUA,Boyle,joshua.boyle@mumail.ie,4,0,2.24,0,0,0,0,0,0,0
78401128,KERRI,Boyle,kerri.boyle@mumail.ie,3.84,1.6,0.44,3.24,2.04,2.24,1.68,1.48,0,0.36
19468959,KIAN,Burke,kian.burke@mumail.ie,3.08,1.6,2.6,2.8,0,0,0.4,1.6,0,0
12241102,MANET,Donovan,manet.donovan@mumail.ie,4,4,4,4,4,4,4,2.8,4,4
73635110,MIA,Higgins,mia.higgins@mumail.ie,4,3.8,4,3.52,3.4,3.48,2.4,3.28,2.32,1.36
35962311,MICHAEL,Murray,michael.murray@mumail.ie,4,4,4,2.4,3.28,3.16,0,3.2,3,3.88
88678732,NAZAR,O'Sullivan,nazar.osullivan@mumail.ie,4,4,4,4,4,4,4,4,4,4
36925796,OWEN,Doyle,owen.doyle@mumail.ie,4,4,3.56,0,3.28,2.24,1.6,4,4,4
40153489,PASCAL,Maguire,pascal.maguire@mumail.ie,2,0,1.76,3.8,4,4,3.6,3.2,0,4
63180180,PAUL,O'Sullivan,paul.osullivan@mumail.ie,4,4,4,4,4,4,2.8,4,4,4
18416579,ROHAN,Ryan,rohan.ryan@mumail.ie,4,4,2.24,4,3.4,3.96,0.4,2.4,0,2.8
85258615,ROSS,Farrell,ross.farrell@mumail.ie,0,0,0,0,0,0,0.04,0,0,0
58877207,SARAH,McCarthy,sarah.mccarthy@mumail.ie,2,4,4,3.76,3.8,3.52,2.04,4,0,1.72
12441578,SARINA,Reid,sarina.reid@mumail.ie,4,4,3.56,4,3.84,4,3.6,3.4,4,1.32
36316773,SEAN,Flynn,sean.flynn@mumail.ie,4,0,0.96,0,0,0,0,0,0,0
56340396,SEAN,Brennan,sean.brennan@mumail.ie,4,4,4,4,3.68,4,3.2,4,4,4
19620947,SEAN,Byrne,sean.byrne@mumail.ie,4,4,2.24,3.56,3.2,0.44,0.16,1.56,1,4
15030415,SHADI,Gallagher,shadi.gallagher@mumail.ie,4,4,4,4,4,4,4,4,4,4
55277330,SHANE,Hayes,shane.hayes@mumail.ie,3.92,3.04,2.84,3.08,2.64,1.76,1.48,2.28,0,2.28
29351898,SUKURAT,Flynn,sukurat.flynn@mumail.ie,1.52,0.8,2.56,1.56,0.8,1.64,0.52,0.84,0.52,0.16
56044324,SYEDA,Walsh,syeda.walsh@mumail.ie,4,0.88,0.88,0.4,2.12,0,0.4,1.76,4,4
70370127,TAWAKALITU,Callaghan,tawakalitu.callaghan@mumail.ie,4,4,4,4,4,3.72,1.36,4,0,4
39801624,AARON,Power,aaron.power@mumail.ie,4,4,4,4,4,4,4,4,4,4
91544606,ADAM,O'Brien,adam.obrien@mumail.ie,4,3.76,4,2.16,2.2,2.72,1.84,3.4,1.12,3.16
21874749,AISLING,Farrell,aisling.farrell@mumail.ie,4,4,4,4,4,4,3.72,4,4,4
94871750,AJIBOLA,Sheehan,ajibola.sheehan@mumail.ie,4,2.4,4,3.12,3.72,3.12,3.6,4,2,4
67254598,AL-AMEEN,Power,al-ameen.power@mumail.ie,3.76,3.84,3.48,4,2.32,2.88,2.92,4,4,1.76
71154497,ALEXANDER,Boyle,alexander.boyle@mumail.ie,4,4,4,2.4,3.64,3.56,1.68,3.2,1,0
31931305,AMENAGHAWON,O'Reilly,amenaghawon.oreilly@mumail.ie,4,3.04,3.64,0,0,0,0,0,0,0
77473690,AOIFE,Quinn,aoife.quinn@mumail.ie,1.4,1.04,0.44,0.84,0,1.24,0.4,0,0,0
55094480,AUSTIN,Maher,austin.maher@mumail.ie,4,4,4,3.96,4,4,2.08,1.6,0,3.44
35320195,BRENDAN,O'Connor,brendan.oconnor@mumail.ie,4,4,4,3.84,3.48,1.12,1.2,2,3,0.28
81769123,BROOKLYN,Doyle,brooklyn.doyle@mumail.ie,4,4,4,3.8,2.08,3.12,2.72,3.6,4,3.72
22313524,CAITLIN,Keane,caitlin.keane@mumail.ie,4,0,0,0,0,0,0,0,0,0
71830478,CARLOS,O'Brien,carlos.obrien@mumail.ie,4,4,4,4,4,4,4,4,4,4
55965532,CILLIAN,Brennan,cillian.brennan@mumail.ie,4,4,4,3.32,3.68,0,0,4,1.6,1.16
96754197,CILLIAN,Brennan,cillian.brennan@mumail.ie,4,4,4,4,4,4,4,4,0,3.6
92157513,CONALL,Murray,conall.murray@mumail.ie,2.52,4,4,4,4,2.24,2.88,4,1,2.28
28109761,DANILA,McMahon,danila.mcmahon@mumail.ie,4,4,4,2,4,4,3.92,2.8,0,4
33867994,DARREN,Moore,darren.moore@mumail.ie,4,4,4,4,4,4,4,4,4,4
80667580,DAVID,Callaghan,david.callaghan@mumail.ie,4,2.4,4,2.68,3.36,0,0.56,1.12,1.72,1.48
59524742,DAVID,McMahon,david.mcmahon@mumail.ie,4,3.76,4,1.6,2.64,2.24,0.32,0,0,0
94824610,EMILIJA,Power,emilija.power@mumail.ie,4,2.52,4,4,0.72,2.12,2.4,3,0,0.56
29029987,EMMA,Quinn,emma.quinn@mumail.ie,4,4,4,3.8,4,4,4,4,4,0
40435657,ENDA,Maguire,enda.maguire@mumail.ie,4,4,4,4,3.28,3.32,4,4,0,0
21452781,FRANCIS,Lynch,francis.lynch@mumail.ie,0,0,0,0,0,0,0,0,0,0
17996963,FRANCIS,Flynn,francis.flynn@mumail.ie,4,4,4,4,4,4,4,4,4,4
44639956,GAVIN,O'Brien,gavin.obrien@mumail.ie,3.96,3.2,1.92,1.6,1.84,2.24,1.52,3.4,4,4
43670750,HANS,Collins,hans.collins@mumail.ie,4,4,4,4,4,4,1.76,2.8,0.2,2.28
51984127,IYANUOLUWA,Reid,iyanuoluwa.reid@mumail.ie,4,4,4,4,4,4,4,4,4,4
90636857,JACK,O'Connor,jack.oconnor@mumail.ie,0,0,0,0,1.8,2.68,2.44,4,4,4
27285481,JAMES,Finnegan,james.finnegan@mumail.ie,0,0,0,0,0,0,0,0,0,0
91106388,JAMIE,Fitzgerald,jamie.fitzgerald@mumail.ie,3.96,4,4,4,4,4,4,4,4,4
14882960,JASMINE,McMahon,jasmine.mcmahon@mumail.ie,4,4,4,4,2.88,3.96,3.6,3.6,0,4
49820973,JOSHUA,Gallagher,joshua.gallagher@mumail.ie,1.36,4,4,2.8,4,2.24,0,1.6,0,0
89340541,JOSHUA,Boyle,joshua.boyle@mumail.ie,4,4,4,4,3.08,4,2.84,4,0.72,3.72
67714530,KATIE,Maher,katie.maher@mumail.ie,2,0,2.84,1,0,0,0,0,0,0
42938631,KIAN,McMahon,kian.mcmahon@mumail.ie,4,4,4,3.92,3.08,0,2.8,4,2.16,3.96
12385441,KILLIAN,McCarthy,killian.mccarthy@mumail.ie,4,4,4,3.36,2.2,0,0.12,0.96,0,4
13889013,LEO,McMahon,leo.mcmahon@mumail.ie,4,4,4,4,4,4,4,0,3.4,4
29331915,LEON,Donovan,leon.donovan@mumail.ie,4,4,3.8,3.36,0.72,2.4,0.96,0,0,0
20818529,LUCA,Barry,luca.barry@mumail.ie,4,3.6,4,3.6,2.2,3.56,0,2.4,0,2.28
43736747,MATTHEW,Kelly,matthew.kelly@mumail.ie,4,3.6,4,1.92,1.4,0,0.8,2.2,1.4,0
97427902,MEGAN,Smith,megan.smith@mumail.ie,4,3.88,2.56,3.8,4,4,3.92,4,4,4
77901366,MICHAEL,Quinn,michael.quinn@mumail.ie,4,4,4,4,4,3.44,3.04,4,4,4
49417477,NIALL,O'Neill,niall.oneill@mumail.ie,3.6,4,4,3.2,3.48,4,1.96,4,4,0
13923218,NIAMH,Kelly,niamh.kelly@mumail.ie,4,4,4,2.8,3.4,1.76,1.04,1.32,0,2.84
16640820,NIAMH,Carroll,niamh.carroll@mumail.ie,4,0,3.84,1.28,2.36,4,2.44,3.36,1.4,3
23158909,RIONA,Higgins,riona.higgins@mumail.ie,4,4,4,3.6,4,1.32,2.4,2.8,0,1.64
26460428,RUAIRI,Moran,ruairi.moran@mumail.ie,4,4,4,4,2.56,2.68,2.04,2.32,0,0
84753489,SEAN,Collins,sean.collins@mumail.ie,4,4,4,3.52,4,2.56,4,4,0,1.48
34371289,SEIF-EDDINE,Gallagher,seif-eddine.gallagher@mumail.ie,4,0,2.24,1.6,1.44,1.76,0,0.8,0,0.6
29489924,SINEAD,Moore,sinead.moore@mumail.ie,4,4,4,4,3.6,4,4,4,0,4
45144205,THOMAS,Maguire,thomas.maguire@mumail.ie,4,4,4,3.6,3,3.04,1.92,3.4,4,3.6
84670111,THOMAS,Walsh,thomas.walsh@mumail.ie,4,4,4,4,3.76,3.36,3.76,4,4,4
90996365,YERO,McCarthy,yero.mccarthy@mumail.ie,4,3.28,3.96,2.8,3.56,3.96,3.4,2.8,1,1.6
64075942,YOUNES,Reid,younes.reid@mumail.ie,4,4,2.68,4,3.6,4,3.4,4,3,4
